
[
    {
        "name": "RA全局重复性",
        "data":[
            {
                "name":"每日",
                "data": [
                    {
                        "name":"EPRARE-C1",
                        "data": [
                            {
                            "name":"Rotation",
                            "data": [
                                {
                                    "name": "<=0.124urad",
                                    "data": [
                                        {
                                            "name": "0.0827",
                                            "data": null
                                        }
                                    ]
                                }
                            ]
                            },
                            {
                            "name":"Magnification",
                            "data": [
                                {
                                    "name": "<=0.0195ppm",
                                    "data": [
                                        {
                                            "name": "0.0827",
                                            "data": null
                                        }
                                    ]
                                }
                            ]
                            },
                            {
                            "name":"RS ScalingX",
                            "data": [
                                {
                                    "name": "<=0.23ppm",
                                    "data": [
                                        {
                                            "name": "0.0827",
                                            "data": null
                                        }
                                    ]
                                }
                            ]
                            },
                            {
                            "name":"RS ScalingY",
                            "data": [
                                {
                                    "name": "<=0.129ppmm",
                                    "data": [
                                        {
                                            "name": "0.0827",
                                            "data": null
                                        }
                                    ]
                                }
                            ]
                            },
                            {
                            "name":"Image Height Z",
                            "data": [
                                {
                                    "name": "<=0.0025ppm",
                                    "data": [
                                        {
                                            "name": "0.0827",
                                            "data": null
                                        }
                                    ]
                                }
                            ]
                            }
                        ]
                    },
                    {
                        "name":"EPRARE-C2",
                        "data": [
                            {
                                "name":"Rotation",
                                "data": [
                                    {
                                        "name": "<=0.124urad",
                                        "data": [
                                            {
                                                "name": "0.0827",
                                                "data": null
                                            }
                                        ]
                                    }
                                ]
                            },
                            {
                                "name":"Magnification",
                                "data": [
                                    {
                                        "name": "<=0.0195ppm",
                                        "data": [
                                            {
                                                "name": "0.0827",
                                                "data": null
                                            }
                                        ]
                                    }
                                ]
                                },
                                {
                                "name":"RS ScalingX",
                                "data": [
                                    {
                                        "name": "<=0.23ppm",
                                        "data": [
                                            {
                                                "name": "0.0827",
                                                "data": null
                                            }
                                        ]
                                    }
                                ]
                                },
                                {
                                "name":"RS ScalingY",
                                "data": [
                                    {
                                        "name": "<=0.129ppmm",
                                        "data": [
                                            {
                                                "name": "0.0827",
                                                "data": null
                                            }
                                        ]
                                    }
                                ]
                                },
                                {
                                "name":"Image Height Z",
                                "data": [
                                    {
                                        "name": "<=0.0025ppm",
                                        "data": [
                                            {
                                                "name": "0.0827",
                                                "data": null
                                            }
                                        ]
                                    }
                                ]
                                }
                        ]
                        }
                ]
            
            },
            {
                "name":"每日",
                "data": [
                    {
                        "name":"EPRARE-C1",
                        "data": [
                            {
                            "name":"Rotation",
                            "data": [
                                {
                                    "name": "<=0.124urad",
                                    "data": [
                                        {
                                            "name": "0.0827",
                                            "data": null
                                        }
                                    ]
                                }
                            ]
                            },
                            {
                            "name":"Magnification",
                            "data": [
                                {
                                    "name": "<=0.0195ppm",
                                    "data": [
                                        {
                                            "name": "0.0827",
                                            "data": null
                                        }
                                    ]
                                }
                            ]
                            },
                            {
                            "name":"RS ScalingX",
                            "data": [
                                {
                                    "name": "<=0.23ppm",
                                    "data": [
                                        {
                                            "name": "0.0827",
                                            "data": null
                                        }
                                    ]
                                }
                            ]
                            },
                            {
                            "name":"RS ScalingY",
                            "data": [
                                {
                                    "name": "<=0.129ppmm",
                                    "data": [
                                        {
                                            "name": "0.0827",
                                            "data": null
                                        }
                                    ]
                                }
                            ]
                            },
                            {
                            "name":"Image Height Z",
                            "data": [
                                {
                                    "name": "<=0.0025ppm",
                                    "data": [
                                        {
                                            "name": "0.0827",
                                            "data": null
                                        }
                                    ]
                                }
                            ]
                            }
                        ]
                    },
                    {
                        "name":"EPRARE-C2",
                        "data": [
                            {
                                "name":"Rotation",
                                "data": [
                                    {
                                        "name": "<=0.124urad",
                                        "data": [
                                            {
                                                "name": "0.0827",
                                                "data": null
                                            }
                                        ]
                                    }
                                ]
                            },
                            {
                                "name":"Magnification",
                                "data": [
                                    {
                                        "name": "<=0.0195ppm",
                                        "data": [
                                            {
                                                "name": "0.0827",
                                                "data": null
                                            }
                                        ]
                                    }
                                ]
                                },
                                {
                                "name":"RS ScalingX",
                                "data": [
                                    {
                                        "name": "<=0.23ppm",
                                        "data": [
                                            {
                                                "name": "0.0827",
                                                "data": null
                                            }
                                        ]
                                    }
                                ]
                                },
                                {
                                "name":"RS ScalingY",
                                "data": [
                                    {
                                        "name": "<=0.129ppmm",
                                        "data": [
                                            {
                                                "name": "0.0827",
                                                "data": null
                                            }
                                        ]
                                    }
                                ]
                                },
                                {
                                "name":"Image Height Z",
                                "data": [
                                    {
                                        "name": "<=0.0025ppm",
                                        "data": [
                                            {
                                                "name": "0.0827",
                                                "data": null
                                            }
                                        ]
                                    }
                                ]
                                }
                        ]
                        }
                ]
            
            }
        ]
    },
    {
        "name": "test",
        "data":[
            {
                "name":"每周",
                "data": [
                    {
                        "name":"EPRARE-C1",
                        "data": [
                            {
                            "name":"Rotation",
                            "data": [
                                {
                                    "name": "<=0.124urad",
                                    "data": [
                                        {
                                            "name": "0.0827",
                                            "data": null
                                        }
                                    ]
                                }
                            ]
                            },
                            {
                            "name":"Magnification",
                            "data": [
                                {
                                    "name": "<=0.0195ppm",
                                    "data": [
                                        {
                                            "name": "0.0827",
                                            "data": null
                                        }
                                    ]
                                }
                            ]
                            },
                            {
                            "name":"RS ScalingX",
                            "data": [
                                {
                                    "name": "<=0.23ppm",
                                    "data": [
                                        {
                                            "name": "0.0827",
                                            "data": null
                                        }
                                    ]
                                }
                            ]
                            },
                            {
                            "name":"RS ScalingY",
                            "data": [
                                {
                                    "name": "<=0.129ppmm",
                                    "data": [
                                        {
                                            "name": "0.0827",
                                            "data": null
                                        }
                                    ]
                                }
                            ]
                            },
                            {
                            "name":"Image Height Z",
                            "data": [
                                {
                                    "name": "<=0.0025ppm",
                                    "data": [
                                        {
                                            "name": "0.0827",
                                            "data": null
                                        }
                                    ]
                                }
                            ]
                            }
                        ]
                    },
                    {
                        "name":"EPRARE-C2",
                        "data": [
                            {
                                "name":"Rotation",
                                "data": [
                                    {
                                        "name": "<=0.124urad",
                                        "data": [
                                            {
                                                "name": "0.0827",
                                                "data": null
                                            }
                                        ]
                                    }
                                ]
                            },
                            {
                                "name":"Magnification",
                                "data": [
                                    {
                                        "name": "<=0.0195ppm",
                                        "data": [
                                            {
                                                "name": "0.0827",
                                                "data": null
                                            }
                                        ]
                                    }
                                ]
                                },
                                {
                                "name":"RS ScalingX",
                                "data": [
                                    {
                                        "name": "<=0.23ppm",
                                        "data": [
                                            {
                                                "name": "0.0827",
                                                "data": null
                                            }
                                        ]
                                    }
                                ]
                                },
                                {
                                "name":"RS ScalingY",
                                "data": [
                                    {
                                        "name": "<=0.129ppmm",
                                        "data": [
                                            {
                                                "name": "0.0827",
                                                "data": null
                                            }
                                        ]
                                    }
                                ]
                                },
                                {
                                "name":"Image Height Z",
                                "data": [
                                    {
                                        "name": "<=0.0025ppm",
                                        "data": [
                                            {
                                                "name": "0.0827",
                                                "data": null
                                            }
                                        ]
                                    }
                                ]
                                }
                        ]
                        }
                ]
            
            },
            {
                "name":"每日",
                "data": [
                    {
                        "name":"EPRARE-C1",
                        "data": [
                            {
                            "name":"Rotation",
                            "data": [
                                {
                                    "name": "<=0.124urad",
                                    "data": [
                                        {
                                            "name": "0.0827",
                                            "data": null
                                        }
                                    ]
                                }
                            ]
                            },
                            {
                            "name":"Magnification",
                            "data": [
                                {
                                    "name": "<=0.0195ppm",
                                    "data": [
                                        {
                                            "name": "0.0827",
                                            "data": null
                                        }
                                    ]
                                }
                            ]
                            },
                            {
                            "name":"RS ScalingX",
                            "data": [
                                {
                                    "name": "<=0.23ppm",
                                    "data": [
                                        {
                                            "name": "0.0827",
                                            "data": null
                                        }
                                    ]
                                }
                            ]
                            },
                            {
                            "name":"RS ScalingY",
                            "data": [
                                {
                                    "name": "<=0.129ppmm",
                                    "data": [
                                        {
                                            "name": "0.0827",
                                            "data": null
                                        }
                                    ]
                                }
                            ]
                            },
                            {
                            "name":"Image Height Z",
                            "data": [
                                {
                                    "name": "<=0.0025ppm",
                                    "data": [
                                        {
                                            "name": "0.0827",
                                            "data": null
                                        }
                                    ]
                                }
                            ]
                            }
                        ]
                    },
                    {
                        "name":"EPRARE-C2",
                        "data": [
                            {
                                "name":"Rotation",
                                "data": [
                                    {
                                        "name": "<=0.124urad",
                                        "data": [
                                            {
                                                "name": "0.0827",
                                                "data": null
                                            }
                                        ]
                                    }
                                ]
                            },
                            {
                                "name":"Magnification",
                                "data": [
                                    {
                                        "name": "<=0.0195ppm",
                                        "data": [
                                            {
                                                "name": "0.0827",
                                                "data": null
                                            }
                                        ]
                                    }
                                ]
                                },
                                {
                                "name":"RS ScalingX",
                                "data": [
                                    {
                                        "name": "<=0.23ppm",
                                        "data": [
                                            {
                                                "name": "0.0827",
                                                "data": null
                                            }
                                        ]
                                    }
                                ]
                                },
                                {
                                "name":"RS ScalingY",
                                "data": [
                                    {
                                        "name": "<=0.129ppmm",
                                        "data": [
                                            {
                                                "name": "0.0827",
                                                "data": null
                                            }
                                        ]
                                    }
                                ]
                                },
                                {
                                "name":"Image Height Z",
                                "data": [
                                    {
                                        "name": "<=0.0025ppm",
                                        "data": [
                                            {
                                                "name": "0.0827",
                                                "data": null
                                            }
                                        ]
                                    }
                                ]
                                }
                        ]
                        }
                ]
            
            }
        ]
    }
]
