[
    {
        "data":[
            {
            "data": [
                {
                    "data": [
                        {
                            "data": [
                                {
                                    "data": [
                                        {
                                            "data": null,
                                            "name": "0.0827"
                                        }
                                    ],
                                    "name": "<0.124urad"
                                }
                            ],
                            "name": "Rotation"
                        },
                        {
                            "data": [
                                {
                                    "data": [
                                        {
                                            "data": null,
                                            "name": "0.2193"
                                        }
                                    ],
                                    "name": "<0.195ppm"
                                }
                            ],
                            "name": "Magnification"
                        },
                        {
                            "data": [
                                {
                                    "data": [
                                        {
                                            "data": null,
                                            "name": "0.2858"
                                        }
                                    ],
                                    "name": "<0.23ppm"
                                }
                            ],
                            "name": "Rs Scalling Y"
                        },
                        {
                            "data": [
                                {
                                    "data": [
                                        {
                                            "data": null,
                                            "name": "0.1129"
                                        }
                                    ],
                                    "name": "<0.124urad"
                                }
                            ],
                            "name": "Rotation"
                        },
                        {
                            "data": [
                                {
                                    "data": [
                                        {
                                            "data": null,
                                            "name": "0.0133"
                                        }
                                    ],
                                    "name": "<0.0192ppm"
                                }
                            ],
                            "name": "WS Scalling X"
                        },
                        {
                            "data": [
                                { 
                                "data": [
                                            {
                                                "data": null,
                                                "name": "0.0208"
                                            }
                                        ],
                                        "name": "<0.0225ppm"
                                }
                            ],
                            "name": "WS Scalling Y"
                        },
                        {
                             "data": [
                                { 
                            "data": [
                                        {
                                            "data": null,
                                            "name": "0.0040"
                                        }
                                    ],
                                    "name": "<0.14nm"
                                }
                            ],
                            "name": "Image Height Z"
                        }
                    ],
                    "name": "EPRARE-C1"
                },
                {
                    "data": [
                        {
                            "data": [
                                {
                                    "data": [
                                        {
                                            "data": null,
                                            "name": "0.0827"
                                        }
                                    ],
                                    "name": "<0.124urad"
                                }
                            ],
                            "name": "Rotation"
                        },
                        {
                            "data": [
                                {
                                    "data": [
                                        {
                                            "data": null,
                                            "name": "0.2193"
                                        }
                                    ],
                                    "name": "<0.195ppm"
                                }
                            ],
                            "name": "Magnification"
                        },
                        {
                            "data": [
                                {
                                    "data": [
                                        {
                                            "data": null,
                                            "name": "0.2858"
                                        }
                                    ],
                                    "name": "<0.23ppm"
                                }
                            ],
                            "name": "Rs Scalling Y"
                        },
                        {
                            "data": [
                                {
                                    "data": [
                                        {
                                            "data": null,
                                            "name": "0.1129"
                                        }
                                    ],
                                    "name": "<0.124urad"
                                }
                            ],
                            "name": "Rotation"
                        },
                        {
                            "data": [
                                {
                                    "data": [
                                        {
                                            "data": null,
                                            "name": "0.0133"
                                        }
                                    ],
                                    "name": "<0.0192ppm"
                                }
                            ],
                            "name": "WS Scalling X"
                        },
                        {
                            "data": [
                                { 
                                "data": [
                                            {
                                                "data": null,
                                                "name": "0.0208"
                                            }
                                        ],
                                        "name": "<0.0225ppm"
                                }
                            ],
                            "name": "WS Scalling Y"
                        },
                        {
                             "data": [
                                { 
                            "data": [
                                        {
                                            "data": null,
                                            "name": "0.0040"
                                        }
                                    ],
                                    "name": "<0.14nm"
                                }
                            ],
                            "name": "Image Height Z"
                        }
                    ],
                    "name": "EPRARE-C1"
                },
                {
                    "data": [
                        {
                            "data": [
                                {
                                    "data": [
                                        {
                                            "data": null,
                                            "name": "0.0827"
                                        }
                                    ],
                                    "name": "<0.124urad"
                                }
                            ],
                            "name": "Rotation"
                        },
                        {
                            "data": [
                                {
                                    "data": [
                                        {
                                            "data": null,
                                            "name": "0.2193"
                                        }
                                    ],
                                    "name": "<0.195ppm"
                                }
                            ],
                            "name": "Magnification"
                        },
                        {
                            "data": [
                                {
                                    "data": [
                                        {
                                            "data": null,
                                            "name": "0.2858"
                                        }
                                    ],
                                    "name": "<0.23ppm"
                                }
                            ],
                            "name": "Rs Scalling Y"
                        },
                        {
                            "data": [
                                {
                                    "data": [
                                        {
                                            "data": null,
                                            "name": "0.1129"
                                        }
                                    ],
                                    "name": "<0.124urad"
                                }
                            ],
                            "name": "Rotation"
                        },
                        {
                            "data": [
                                {
                                    "data": [
                                        {
                                            "data": null,
                                            "name": "0.0133"
                                        }
                                    ],
                                    "name": "<0.0192ppm"
                                }
                            ],
                            "name": "WS Scalling X"
                        },
                        {
                            "data": [
                                { 
                                "data": [
                                            {
                                                "data": null,
                                                "name": "0.0208"
                                            }
                                        ],
                                        "name": "<0.0225ppm"
                                }
                            ],
                            "name": "WS Scalling Y"
                        },
                        {
                             "data": [
                                { 
                            "data": [
                                        {
                                            "data": null,
                                            "name": "0.0040"
                                        }
                                    ],
                                    "name": "<0.14nm"
                                }
                            ],
                            "name": "Image Height Z"
                        }
                    ],
                    "name": "EPRARE-C1"
                },
                {
                    "data": [
                        {
                            "data": [
                                {
                                    "data": [
                                        {
                                            "data": null,
                                            "name": "0.0827"
                                        }
                                    ],
                                    "name": "<0.124urad"
                                }
                            ],
                            "name": "Rotation"
                        },
                        {
                            "data": [
                                {
                                    "data": [
                                        {
                                            "data": null,
                                            "name": "0.2193"
                                        }
                                    ],
                                    "name": "<0.195ppm"
                                }
                            ],
                            "name": "Magnification"
                        },
                        {
                            "data": [
                                {
                                    "data": [
                                        {
                                            "data": null,
                                            "name": "0.2858"
                                        }
                                    ],
                                    "name": "<0.23ppm"
                                }
                            ],
                            "name": "Rs Scalling Y"
                        },
                        {
                            "data": [
                                {
                                    "data": [
                                        {
                                            "data": null,
                                            "name": "0.1129"
                                        }
                                    ],
                                    "name": "<0.124urad"
                                }
                            ],
                            "name": "Rotation"
                        },
                        {
                            "data": [
                                {
                                    "data": [
                                        {
                                            "data": null,
                                            "name": "0.0133"
                                        }
                                    ],
                                    "name": "<0.0192ppm"
                                }
                            ],
                            "name": "WS Scalling X"
                        },
                        {
                            "data": [
                                { 
                                "data": [
                                            {
                                                "data": null,
                                                "name": "0.0208"
                                            }
                                        ],
                                        "name": "<0.0225ppm"
                                }
                            ],
                            "name": "WS Scalling Y"
                        },
                        {
                             "data": [
                                { 
                            "data": [
                                        {
                                            "data": null,
                                            "name": "0.0040"
                                        }
                                    ],
                                    "name": "<0.14nm"
                                }
                            ],
                            "name": "Image Height Z"
                        }
                    ],
                    "name": "EPRARE-C1"
                },
                {
                    "data": [
                        {
                            "data": [
                                {
                                    "data": [
                                        {
                                            "data": null,
                                            "name": "0.0827"
                                        }
                                    ],
                                    "name": "<0.124urad"
                                }
                            ],
                            "name": "Rotation"
                        },
                        {
                            "data": [
                                {
                                    "data": [
                                        {
                                            "data": null,
                                            "name": "0.2193"
                                        }
                                    ],
                                    "name": "<0.195ppm"
                                }
                            ],
                            "name": "Magnification"
                        },
                        {
                            "data": [
                                {
                                    "data": [
                                        {
                                            "data": null,
                                            "name": "0.2858"
                                        }
                                    ],
                                    "name": "<0.23ppm"
                                }
                            ],
                            "name": "Rs Scalling Y"
                        },
                        {
                            "data": [
                                {
                                    "data": [
                                        {
                                            "data": null,
                                            "name": "0.1129"
                                        }
                                    ],
                                    "name": "<0.124urad"
                                }
                            ],
                            "name": "Rotation"
                        },
                        {
                            "data": [
                                {
                                    "data": [
                                        {
                                            "data": null,
                                            "name": "0.0133"
                                        }
                                    ],
                                    "name": "<0.0192ppm"
                                }
                            ],
                            "name": "WS Scalling X"
                        },
                        {
                            "data": [
                                { 
                                "data": [
                                            {
                                                "data": null,
                                                "name": "0.0208"
                                            }
                                        ],
                                        "name": "<0.0225ppm"
                                }
                            ],
                            "name": "WS Scalling Y"
                        },
                        {
                             "data": [
                                { 
                            "data": [
                                        {
                                            "data": null,
                                            "name": "0.0040"
                                        }
                                    ],
                                    "name": "<0.14nm"
                                }
                            ],
                            "name": "Image Height Z"
                        }
                    ],
                    "name": "EPRARE-C1"
                },
                {
                    "data": [
                        {
                            "data": [
                                {
                                    "data": [
                                        {
                                            "data": null,
                                            "name": "0.0827"
                                        }
                                    ],
                                    "name": "<0.124urad"
                                }
                            ],
                            "name": "Rotation"
                        },
                        {
                            "data": [
                                {
                                    "data": [
                                        {
                                            "data": null,
                                            "name": "0.2193"
                                        }
                                    ],
                                    "name": "<0.195ppm"
                                }
                            ],
                            "name": "Magnification"
                        },
                        {
                            "data": [
                                {
                                    "data": [
                                        {
                                            "data": null,
                                            "name": "0.2858"
                                        }
                                    ],
                                    "name": "<0.23ppm"
                                }
                            ],
                            "name": "Rs Scalling Y"
                        },
                        {
                            "data": [
                                {
                                    "data": [
                                        {
                                            "data": null,
                                            "name": "0.1129"
                                        }
                                    ],
                                    "name": "<0.124urad"
                                }
                            ],
                            "name": "Rotation"
                        },
                        {
                            "data": [
                                {
                                    "data": [
                                        {
                                            "data": null,
                                            "name": "0.0133"
                                        }
                                    ],
                                    "name": "<0.0192ppm"
                                }
                            ],
                            "name": "WS Scalling X"
                        },
                        {
                            "data": [
                                { 
                                "data": [
                                            {
                                                "data": null,
                                                "name": "0.0208"
                                            }
                                        ],
                                        "name": "<0.0225ppm"
                                }
                            ],
                            "name": "WS Scalling Y"
                        },
                        {
                             "data": [
                                { 
                            "data": [
                                        {
                                            "data": null,
                                            "name": "0.0040"
                                        }
                                    ],
                                    "name": "<0.14nm"
                                }
                            ],
                            "name": "Image Height Z"
                        }
                    ],
                    "name": "EPRARE-C1"
                },
                {
                    "data": [
                        {
                            "data": [
                                {
                                    "data": [
                                        {
                                            "data": null,
                                            "name": "0.0827"
                                        }
                                    ],
                                    "name": "<0.124urad"
                                }
                            ],
                            "name": "Rotation"
                        },
                        {
                            "data": [
                                {
                                    "data": [
                                        {
                                            "data": null,
                                            "name": "0.2193"
                                        }
                                    ],
                                    "name": "<0.195ppm"
                                }
                            ],
                            "name": "Magnification"
                        },
                        {
                            "data": [
                                {
                                    "data": [
                                        {
                                            "data": null,
                                            "name": "0.2858"
                                        }
                                    ],
                                    "name": "<0.23ppm"
                                }
                            ],
                            "name": "Rs Scalling Y"
                        },
                        {
                            "data": [
                                {
                                    "data": [
                                        {
                                            "data": null,
                                            "name": "0.1129"
                                        }
                                    ],
                                    "name": "<0.124urad"
                                }
                            ],
                            "name": "Rotation"
                        },
                        {
                            "data": [
                                {
                                    "data": [
                                        {
                                            "data": null,
                                            "name": "0.0133"
                                        }
                                    ],
                                    "name": "<0.0192ppm"
                                }
                            ],
                            "name": "WS Scalling X"
                        },
                        {
                            "data": [
                                { 
                                "data": [
                                            {
                                                "data": null,
                                                "name": "0.0208"
                                            }
                                        ],
                                        "name": "<0.0225ppm"
                                }
                            ],
                            "name": "WS Scalling Y"
                        },
                        {
                             "data": [
                                { 
                            "data": [
                                        {
                                            "data": null,
                                            "name": "0.0040"
                                        }
                                    ],
                                    "name": "<0.14nm"
                                }
                            ],
                            "name": "Image Height Z"
                        }
                    ],
                    "name": "EPRARE-C1"
                },
                {
                    "data": [
                        {
                            "data": [
                                {
                                    "data": [
                                        {
                                            "data": null,
                                            "name": "0.0827"
                                        }
                                    ],
                                    "name": "<0.124urad"
                                }
                            ],
                            "name": "Rotation"
                        },
                        {
                            "data": [
                                {
                                    "data": [
                                        {
                                            "data": null,
                                            "name": "0.2193"
                                        }
                                    ],
                                    "name": "<0.195ppm"
                                }
                            ],
                            "name": "Magnification"
                        },
                        {
                            "data": [
                                {
                                    "data": [
                                        {
                                            "data": null,
                                            "name": "0.2858"
                                        }
                                    ],
                                    "name": "<0.23ppm"
                                }
                            ],
                            "name": "Rs Scalling Y"
                        },
                        {
                            "data": [
                                {
                                    "data": [
                                        {
                                            "data": null,
                                            "name": "0.1129"
                                        }
                                    ],
                                    "name": "<0.124urad"
                                }
                            ],
                            "name": "Rotation"
                        },
                        {
                            "data": [
                                {
                                    "data": [
                                        {
                                            "data": null,
                                            "name": "0.0133"
                                        }
                                    ],
                                    "name": "<0.0192ppm"
                                }
                            ],
                            "name": "WS Scalling X"
                        },
                        {
                            "data": [
                                { 
                                "data": [
                                            {
                                                "data": null,
                                                "name": "0.0208"
                                            }
                                        ],
                                        "name": "<0.0225ppm"
                                }
                            ],
                            "name": "WS Scalling Y"
                        },
                        {
                             "data": [
                                { 
                            "data": [
                                        {
                                            "data": null,
                                            "name": "0.0040"
                                        }
                                    ],
                                    "name": "<0.14nm"
                                }
                            ],
                            "name": "Image Height Z"
                        }
                    ],
                    "name": "EPRARE-C1"
                },
                {
                    "data": [
                        {
                            "data": [
                                {
                                    "data": [
                                        {
                                            "data": null,
                                            "name": "0.0827"
                                        }
                                    ],
                                    "name": "<0.124urad"
                                }
                            ],
                            "name": "Rotation"
                        },
                        {
                            "data": [
                                {
                                    "data": [
                                        {
                                            "data": null,
                                            "name": "0.2193"
                                        }
                                    ],
                                    "name": "<0.195ppm"
                                }
                            ],
                            "name": "Magnification"
                        },
                        {
                            "data": [
                                {
                                    "data": [
                                        {
                                            "data": null,
                                            "name": "0.2858"
                                        }
                                    ],
                                    "name": "<0.23ppm"
                                }
                            ],
                            "name": "Rs Scalling Y"
                        },
                        {
                            "data": [
                                {
                                    "data": [
                                        {
                                            "data": null,
                                            "name": "0.1129"
                                        }
                                    ],
                                    "name": "<0.124urad"
                                }
                            ],
                            "name": "Rotation"
                        },
                        {
                            "data": [
                                {
                                    "data": [
                                        {
                                            "data": null,
                                            "name": "0.0133"
                                        }
                                    ],
                                    "name": "<0.0192ppm"
                                }
                            ],
                            "name": "WS Scalling X"
                        },
                        {
                            "data": [
                                { 
                                "data": [
                                            {
                                                "data": null,
                                                "name": "0.0208"
                                            }
                                        ],
                                        "name": "<0.0225ppm"
                                }
                            ],
                            "name": "WS Scalling Y"
                        },
                        {
                             "data": [
                                { 
                            "data": [
                                        {
                                            "data": null,
                                            "name": "0.0040"
                                        }
                                    ],
                                    "name": "<0.14nm"
                                }
                            ],
                            "name": "Image Height Z"
                        }
                    ],
                    "name": "EPRARE-C1"
                },
                {
                    "data": [
                        {
                            "data": [
                                {
                                    "data": [
                                        {
                                            "data": null,
                                            "name": "0.0827"
                                        }
                                    ],
                                    "name": "<0.124urad"
                                }
                            ],
                            "name": "Rotation"
                        },
                        {
                            "data": [
                                {
                                    "data": [
                                        {
                                            "data": null,
                                            "name": "0.2193"
                                        }
                                    ],
                                    "name": "<0.195ppm"
                                }
                            ],
                            "name": "Magnification"
                        },
                        {
                            "data": [
                                {
                                    "data": [
                                        {
                                            "data": null,
                                            "name": "0.2858"
                                        }
                                    ],
                                    "name": "<0.23ppm"
                                }
                            ],
                            "name": "Rs Scalling Y"
                        },
                        {
                            "data": [
                                {
                                    "data": [
                                        {
                                            "data": null,
                                            "name": "0.1129"
                                        }
                                    ],
                                    "name": "<0.124urad"
                                }
                            ],
                            "name": "Rotation"
                        },
                        {
                            "data": [
                                {
                                    "data": [
                                        {
                                            "data": null,
                                            "name": "0.0133"
                                        }
                                    ],
                                    "name": "<0.0192ppm"
                                }
                            ],
                            "name": "WS Scalling X"
                        },
                        {
                            "data": [
                                { 
                                "data": [
                                            {
                                                "data": null,
                                                "name": "0.0208"
                                            }
                                        ],
                                        "name": "<0.0225ppm"
                                }
                            ],
                            "name": "WS Scalling Y"
                        },
                        {
                             "data": [
                                { 
                            "data": [
                                        {
                                            "data": null,
                                            "name": "0.0040"
                                        }
                                    ],
                                    "name": "<0.14nm"
                                }
                            ],
                            "name": "Image Height Z"
                        }
                    ],
                    "name": "EPRARE-C1"
                }
            ],
            "name": "每日"
            }
        ],
        "name": "RA全局重复性"
    },
    {
        "data":[
            {
            "data": [
                {
                    "data": [
                        {
                            "data": [
                                {
                                    "data": [
                                        {
                                            "data": null,
                                            "name": "0.0827"
                                        }
                                    ],
                                    "name": "<0.124urad"
                                }
                            ],
                            "name": "Rotation"
                        },
                        {
                            "data": [
                                {
                                    "data": [
                                        {
                                            "data": null,
                                            "name": "0.2193"
                                        }
                                    ],
                                    "name": "<0.195ppm"
                                }
                            ],
                            "name": "Magnification"
                        },
                        {
                            "data": [
                                {
                                    "data": [
                                        {
                                            "data": null,
                                            "name": "0.2858"
                                        }
                                    ],
                                    "name": "<0.23ppm"
                                }
                            ],
                            "name": "Rs Scalling Y"
                        },
                        {
                            "data": [
                                {
                                    "data": [
                                        {
                                            "data": null,
                                            "name": "0.1129"
                                        }
                                    ],
                                    "name": "<0.124urad"
                                }
                            ],
                            "name": "Rotation"
                        },
                        {
                            "data": [
                                {
                                    "data": [
                                        {
                                            "data": null,
                                            "name": "0.0133"
                                        }
                                    ],
                                    "name": "<0.0192ppm"
                                }
                            ],
                            "name": "WS Scalling X"
                        },
                        {
                            "data": [
                                { 
                                "data": [
                                            {
                                                "data": null,
                                                "name": "0.0208"
                                            }
                                        ],
                                        "name": "<0.0225ppm"
                                }
                            ],
                            "name": "WS Scalling Y"
                        },
                        {
                             "data": [
                                { 
                            "data": [
                                        {
                                            "data": null,
                                            "name": "0.0040"
                                        }
                                    ],
                                    "name": "<0.14nm"
                                }
                            ],
                            "name": "Image Height Z"
                        }
                    ],
                    "name": "EPRARE-C1"
                },
                {
                    "data": [
                        {
                            "data": [
                                {
                                    "data": [
                                        {
                                            "data": null,
                                            "name": "0.0827"
                                        }
                                    ],
                                    "name": "<0.124urad"
                                }
                            ],
                            "name": "Rotation"
                        },
                        {
                            "data": [
                                {
                                    "data": [
                                        {
                                            "data": null,
                                            "name": "0.2193"
                                        }
                                    ],
                                    "name": "<0.195ppm"
                                }
                            ],
                            "name": "Magnification"
                        },
                        {
                            "data": [
                                {
                                    "data": [
                                        {
                                            "data": null,
                                            "name": "0.2858"
                                        }
                                    ],
                                    "name": "<0.23ppm"
                                }
                            ],
                            "name": "Rs Scalling Y"
                        },
                        {
                            "data": [
                                {
                                    "data": [
                                        {
                                            "data": null,
                                            "name": "0.1129"
                                        }
                                    ],
                                    "name": "<0.124urad"
                                }
                            ],
                            "name": "Rotation"
                        },
                        {
                            "data": [
                                {
                                    "data": [
                                        {
                                            "data": null,
                                            "name": "0.0133"
                                        }
                                    ],
                                    "name": "<0.0192ppm"
                                }
                            ],
                            "name": "WS Scalling X"
                        },
                        {
                            "data": [
                                { 
                                "data": [
                                            {
                                                "data": null,
                                                "name": "0.0208"
                                            }
                                        ],
                                        "name": "<0.0225ppm"
                                }
                            ],
                            "name": "WS Scalling Y"
                        },
                        {
                             "data": [
                                { 
                            "data": [
                                        {
                                            "data": null,
                                            "name": "0.0040"
                                        }
                                    ],
                                    "name": "<0.14nm"
                                }
                            ],
                            "name": "Image Height Z"
                        }
                    ],
                    "name": "EPRARE-C1"
                },
                {
                    "data": [
                        {
                            "data": [
                                {
                                    "data": [
                                        {
                                            "data": null,
                                            "name": "0.0827"
                                        }
                                    ],
                                    "name": "<0.124urad"
                                }
                            ],
                            "name": "Rotation"
                        },
                        {
                            "data": [
                                {
                                    "data": [
                                        {
                                            "data": null,
                                            "name": "0.2193"
                                        }
                                    ],
                                    "name": "<0.195ppm"
                                }
                            ],
                            "name": "Magnification"
                        },
                        {
                            "data": [
                                {
                                    "data": [
                                        {
                                            "data": null,
                                            "name": "0.2858"
                                        }
                                    ],
                                    "name": "<0.23ppm"
                                }
                            ],
                            "name": "Rs Scalling Y"
                        },
                        {
                            "data": [
                                {
                                    "data": [
                                        {
                                            "data": null,
                                            "name": "0.1129"
                                        }
                                    ],
                                    "name": "<0.124urad"
                                }
                            ],
                            "name": "Rotation"
                        },
                        {
                            "data": [
                                {
                                    "data": [
                                        {
                                            "data": null,
                                            "name": "0.0133"
                                        }
                                    ],
                                    "name": "<0.0192ppm"
                                }
                            ],
                            "name": "WS Scalling X"
                        },
                        {
                            "data": [
                                { 
                                "data": [
                                            {
                                                "data": null,
                                                "name": "0.0208"
                                            }
                                        ],
                                        "name": "<0.0225ppm"
                                }
                            ],
                            "name": "WS Scalling Y"
                        },
                        {
                             "data": [
                                { 
                            "data": [
                                        {
                                            "data": null,
                                            "name": "0.0040"
                                        }
                                    ],
                                    "name": "<0.14nm"
                                }
                            ],
                            "name": "Image Height Z"
                        }
                    ],
                    "name": "EPRARE-C1"
                },
                {
                    "data": [
                        {
                            "data": [
                                {
                                    "data": [
                                        {
                                            "data": null,
                                            "name": "0.0827"
                                        }
                                    ],
                                    "name": "<0.124urad"
                                }
                            ],
                            "name": "Rotation"
                        },
                        {
                            "data": [
                                {
                                    "data": [
                                        {
                                            "data": null,
                                            "name": "0.2193"
                                        }
                                    ],
                                    "name": "<0.195ppm"
                                }
                            ],
                            "name": "Magnification"
                        },
                        {
                            "data": [
                                {
                                    "data": [
                                        {
                                            "data": null,
                                            "name": "0.2858"
                                        }
                                    ],
                                    "name": "<0.23ppm"
                                }
                            ],
                            "name": "Rs Scalling Y"
                        },
                        {
                            "data": [
                                {
                                    "data": [
                                        {
                                            "data": null,
                                            "name": "0.1129"
                                        }
                                    ],
                                    "name": "<0.124urad"
                                }
                            ],
                            "name": "Rotation"
                        },
                        {
                            "data": [
                                {
                                    "data": [
                                        {
                                            "data": null,
                                            "name": "0.0133"
                                        }
                                    ],
                                    "name": "<0.0192ppm"
                                }
                            ],
                            "name": "WS Scalling X"
                        },
                        {
                            "data": [
                                { 
                                "data": [
                                            {
                                                "data": null,
                                                "name": "0.0208"
                                            }
                                        ],
                                        "name": "<0.0225ppm"
                                }
                            ],
                            "name": "WS Scalling Y"
                        },
                        {
                             "data": [
                                { 
                            "data": [
                                        {
                                            "data": null,
                                            "name": "0.0040"
                                        }
                                    ],
                                    "name": "<0.14nm"
                                }
                            ],
                            "name": "Image Height Z"
                        }
                    ],
                    "name": "EPRARE-C1"
                },
                {
                    "data": [
                        {
                            "data": [
                                {
                                    "data": [
                                        {
                                            "data": null,
                                            "name": "0.0827"
                                        }
                                    ],
                                    "name": "<0.124urad"
                                }
                            ],
                            "name": "Rotation"
                        },
                        {
                            "data": [
                                {
                                    "data": [
                                        {
                                            "data": null,
                                            "name": "0.2193"
                                        }
                                    ],
                                    "name": "<0.195ppm"
                                }
                            ],
                            "name": "Magnification"
                        },
                        {
                            "data": [
                                {
                                    "data": [
                                        {
                                            "data": null,
                                            "name": "0.2858"
                                        }
                                    ],
                                    "name": "<0.23ppm"
                                }
                            ],
                            "name": "Rs Scalling Y"
                        },
                        {
                            "data": [
                                {
                                    "data": [
                                        {
                                            "data": null,
                                            "name": "0.1129"
                                        }
                                    ],
                                    "name": "<0.124urad"
                                }
                            ],
                            "name": "Rotation"
                        },
                        {
                            "data": [
                                {
                                    "data": [
                                        {
                                            "data": null,
                                            "name": "0.0133"
                                        }
                                    ],
                                    "name": "<0.0192ppm"
                                }
                            ],
                            "name": "WS Scalling X"
                        },
                        {
                            "data": [
                                { 
                                "data": [
                                            {
                                                "data": null,
                                                "name": "0.0208"
                                            }
                                        ],
                                        "name": "<0.0225ppm"
                                }
                            ],
                            "name": "WS Scalling Y"
                        },
                        {
                             "data": [
                                { 
                            "data": [
                                        {
                                            "data": null,
                                            "name": "0.0040"
                                        }
                                    ],
                                    "name": "<0.14nm"
                                }
                            ],
                            "name": "Image Height Z"
                        }
                    ],
                    "name": "EPRARE-C1"
                },
                {
                    "data": [
                        {
                            "data": [
                                {
                                    "data": [
                                        {
                                            "data": null,
                                            "name": "0.0827"
                                        }
                                    ],
                                    "name": "<0.124urad"
                                }
                            ],
                            "name": "Rotation"
                        },
                        {
                            "data": [
                                {
                                    "data": [
                                        {
                                            "data": null,
                                            "name": "0.2193"
                                        }
                                    ],
                                    "name": "<0.195ppm"
                                }
                            ],
                            "name": "Magnification"
                        },
                        {
                            "data": [
                                {
                                    "data": [
                                        {
                                            "data": null,
                                            "name": "0.2858"
                                        }
                                    ],
                                    "name": "<0.23ppm"
                                }
                            ],
                            "name": "Rs Scalling Y"
                        },
                        {
                            "data": [
                                {
                                    "data": [
                                        {
                                            "data": null,
                                            "name": "0.1129"
                                        }
                                    ],
                                    "name": "<0.124urad"
                                }
                            ],
                            "name": "Rotation"
                        },
                        {
                            "data": [
                                {
                                    "data": [
                                        {
                                            "data": null,
                                            "name": "0.0133"
                                        }
                                    ],
                                    "name": "<0.0192ppm"
                                }
                            ],
                            "name": "WS Scalling X"
                        },
                        {
                            "data": [
                                { 
                                "data": [
                                            {
                                                "data": null,
                                                "name": "0.0208"
                                            }
                                        ],
                                        "name": "<0.0225ppm"
                                }
                            ],
                            "name": "WS Scalling Y"
                        },
                        {
                             "data": [
                                { 
                            "data": [
                                        {
                                            "data": null,
                                            "name": "0.0040"
                                        }
                                    ],
                                    "name": "<0.14nm"
                                }
                            ],
                            "name": "Image Height Z"
                        }
                    ],
                    "name": "EPRARE-C1"
                },
                {
                    "data": [
                        {
                            "data": [
                                {
                                    "data": [
                                        {
                                            "data": null,
                                            "name": "0.0827"
                                        }
                                    ],
                                    "name": "<0.124urad"
                                }
                            ],
                            "name": "Rotation"
                        },
                        {
                            "data": [
                                {
                                    "data": [
                                        {
                                            "data": null,
                                            "name": "0.2193"
                                        }
                                    ],
                                    "name": "<0.195ppm"
                                }
                            ],
                            "name": "Magnification"
                        },
                        {
                            "data": [
                                {
                                    "data": [
                                        {
                                            "data": null,
                                            "name": "0.2858"
                                        }
                                    ],
                                    "name": "<0.23ppm"
                                }
                            ],
                            "name": "Rs Scalling Y"
                        },
                        {
                            "data": [
                                {
                                    "data": [
                                        {
                                            "data": null,
                                            "name": "0.1129"
                                        }
                                    ],
                                    "name": "<0.124urad"
                                }
                            ],
                            "name": "Rotation"
                        },
                        {
                            "data": [
                                {
                                    "data": [
                                        {
                                            "data": null,
                                            "name": "0.0133"
                                        }
                                    ],
                                    "name": "<0.0192ppm"
                                }
                            ],
                            "name": "WS Scalling X"
                        },
                        {
                            "data": [
                                { 
                                "data": [
                                            {
                                                "data": null,
                                                "name": "0.0208"
                                            }
                                        ],
                                        "name": "<0.0225ppm"
                                }
                            ],
                            "name": "WS Scalling Y"
                        },
                        {
                             "data": [
                                { 
                            "data": [
                                        {
                                            "data": null,
                                            "name": "0.0040"
                                        }
                                    ],
                                    "name": "<0.14nm"
                                }
                            ],
                            "name": "Image Height Z"
                        }
                    ],
                    "name": "EPRARE-C1"
                },
                {
                    "data": [
                        {
                            "data": [
                                {
                                    "data": [
                                        {
                                            "data": null,
                                            "name": "0.0827"
                                        }
                                    ],
                                    "name": "<0.124urad"
                                }
                            ],
                            "name": "Rotation"
                        },
                        {
                            "data": [
                                {
                                    "data": [
                                        {
                                            "data": null,
                                            "name": "0.2193"
                                        }
                                    ],
                                    "name": "<0.195ppm"
                                }
                            ],
                            "name": "Magnification"
                        },
                        {
                            "data": [
                                {
                                    "data": [
                                        {
                                            "data": null,
                                            "name": "0.2858"
                                        }
                                    ],
                                    "name": "<0.23ppm"
                                }
                            ],
                            "name": "Rs Scalling Y"
                        },
                        {
                            "data": [
                                {
                                    "data": [
                                        {
                                            "data": null,
                                            "name": "0.1129"
                                        }
                                    ],
                                    "name": "<0.124urad"
                                }
                            ],
                            "name": "Rotation"
                        },
                        {
                            "data": [
                                {
                                    "data": [
                                        {
                                            "data": null,
                                            "name": "0.0133"
                                        }
                                    ],
                                    "name": "<0.0192ppm"
                                }
                            ],
                            "name": "WS Scalling X"
                        },
                        {
                            "data": [
                                { 
                                "data": [
                                            {
                                                "data": null,
                                                "name": "0.0208"
                                            }
                                        ],
                                        "name": "<0.0225ppm"
                                }
                            ],
                            "name": "WS Scalling Y"
                        },
                        {
                             "data": [
                                { 
                            "data": [
                                        {
                                            "data": null,
                                            "name": "0.0040"
                                        }
                                    ],
                                    "name": "<0.14nm"
                                }
                            ],
                            "name": "Image Height Z"
                        }
                    ],
                    "name": "EPRARE-C1"
                },
                {
                    "data": [
                        {
                            "data": [
                                {
                                    "data": [
                                        {
                                            "data": null,
                                            "name": "0.0827"
                                        }
                                    ],
                                    "name": "<0.124urad"
                                }
                            ],
                            "name": "Rotation"
                        },
                        {
                            "data": [
                                {
                                    "data": [
                                        {
                                            "data": null,
                                            "name": "0.2193"
                                        }
                                    ],
                                    "name": "<0.195ppm"
                                }
                            ],
                            "name": "Magnification"
                        },
                        {
                            "data": [
                                {
                                    "data": [
                                        {
                                            "data": null,
                                            "name": "0.2858"
                                        }
                                    ],
                                    "name": "<0.23ppm"
                                }
                            ],
                            "name": "Rs Scalling Y"
                        },
                        {
                            "data": [
                                {
                                    "data": [
                                        {
                                            "data": null,
                                            "name": "0.1129"
                                        }
                                    ],
                                    "name": "<0.124urad"
                                }
                            ],
                            "name": "Rotation"
                        },
                        {
                            "data": [
                                {
                                    "data": [
                                        {
                                            "data": null,
                                            "name": "0.0133"
                                        }
                                    ],
                                    "name": "<0.0192ppm"
                                }
                            ],
                            "name": "WS Scalling X"
                        },
                        {
                            "data": [
                                { 
                                "data": [
                                            {
                                                "data": null,
                                                "name": "0.0208"
                                            }
                                        ],
                                        "name": "<0.0225ppm"
                                }
                            ],
                            "name": "WS Scalling Y"
                        },
                        {
                             "data": [
                                { 
                            "data": [
                                        {
                                            "data": null,
                                            "name": "0.0040"
                                        }
                                    ],
                                    "name": "<0.14nm"
                                }
                            ],
                            "name": "Image Height Z"
                        }
                    ],
                    "name": "EPRARE-C1"
                },
                {
                    "data": [
                        {
                            "data": [
                                {
                                    "data": [
                                        {
                                            "data": null,
                                            "name": "0.0827"
                                        }
                                    ],
                                    "name": "<0.124urad"
                                }
                            ],
                            "name": "Rotation"
                        },
                        {
                            "data": [
                                {
                                    "data": [
                                        {
                                            "data": null,
                                            "name": "0.2193"
                                        }
                                    ],
                                    "name": "<0.195ppm"
                                }
                            ],
                            "name": "Magnification"
                        },
                        {
                            "data": [
                                {
                                    "data": [
                                        {
                                            "data": null,
                                            "name": "0.2858"
                                        }
                                    ],
                                    "name": "<0.23ppm"
                                }
                            ],
                            "name": "Rs Scalling Y"
                        },
                        {
                            "data": [
                                {
                                    "data": [
                                        {
                                            "data": null,
                                            "name": "0.1129"
                                        }
                                    ],
                                    "name": "<0.124urad"
                                }
                            ],
                            "name": "Rotation"
                        },
                        {
                            "data": [
                                {
                                    "data": [
                                        {
                                            "data": null,
                                            "name": "0.0133"
                                        }
                                    ],
                                    "name": "<0.0192ppm"
                                }
                            ],
                            "name": "WS Scalling X"
                        },
                        {
                            "data": [
                                { 
                                "data": [
                                            {
                                                "data": null,
                                                "name": "0.0208"
                                            }
                                        ],
                                        "name": "<0.0225ppm"
                                }
                            ],
                            "name": "WS Scalling Y"
                        },
                        {
                             "data": [
                                { 
                            "data": [
                                        {
                                            "data": null,
                                            "name": "0.0040"
                                        }
                                    ],
                                    "name": "<0.14nm"
                                }
                            ],
                            "name": "Image Height Z"
                        }
                    ],
                    "name": "EPRARE-C1"
                }
            ],
            "name": "每日"
            }
        ],
        "name": "FLS全局重复性"
    }
] 