{
    "merge": [
        {"startRow": 0, "endRow": 1, "startCol": 4, "endCol": 4},
        {"startRow": 2, "endRow": 4, "startCol": 4, "endCol": 4},
        {"startRow": 0, "endRow": 4, "startCol": 3, "endCol": 3},
        {"startRow": 0, "endRow": 4, "startCol": 2, "endCol": 2},


        {"startRow": 5, "endRow": 6, "startCol": 4, "endCol": 4},
        {"startRow": 7, "endRow": 9, "startCol": 4, "endCol": 4},
        {"startRow": 5, "endRow": 9, "startCol": 3, "endCol": 3},
        {"startRow": 5, "endRow": 9, "startCol": 2, "endCol": 2},


        {"startRow": 0, "endRow": 9, "startCol": 1, "endCol": 1},
        {"startRow": 0, "endRow": 9, "startCol": 0, "endCol": 0}, 






        {"startRow": 10, "endRow": 11, "startCol": 4, "endCol": 4},
        {"startRow": 12, "endRow": 13, "startCol": 4, "endCol": 4},
        {"startRow": 10, "endRow": 13, "startCol": 3, "endCol": 3},
        {"startRow": 10, "endRow": 13, "startCol": 2, "endCol": 2},

        {"startRow": 14, "endRow": 15, "startCol": 4, "endCol": 4},
        {"startRow": 14, "endRow": 15, "startCol": 3, "endCol": 3},
        {"startRow": 14, "endRow": 15, "startCol": 2, "endCol": 2},

        {"startRow": 10, "endRow": 15, "startCol": 1, "endCol": 1},
        {"startRow": 10, "endRow": 15, "startCol": 0, "endCol": 0}

    ],
    "table": [
        {"row0col0": "WA全局重复性", "row0col1": "每日", "row0col2": "EPWARE-C1", "row0col3": "Time 2022-1-17 19:20", "row0col4": "RA1", "row0col5": "Z", "row0col6":"[-1,1]", "row0col7": "-5.611", "rowspan4":2, "rowspan3":5, "rowspan2": 5, "rowspan1":10, "rowspan0": 10},
        {"row0col0": "WA全局重复性", "row0col1": "每日", "row0col2": "EPWARE-C1", "row0col3": "Time 2022-1-17 19:20", "row0col4": "RA1", "row0col5": "Z", "row0col6":"[-1,1]", "row0col7": "-5.611"},
        {"row0col0": "WA全局重复性", "row0col1": "每日", "row0col2": "EPWARE-C1", "row0col3": "Time 2022-1-17 19:20", "row0col4": "RA2", "row0col5": "Z", "row0col6":"[-1,1]", "row0col7": "-5.611", "rowspan4":3},
        {"row0col0": "WA全局重复性", "row0col1": "每日", "row0col2": "EPWARE-C1", "row0col3": "Time 2022-1-17 19:20", "row0col4": "RA2", "row0col5": "Z", "row0col6":"[-1,1]", "row0col7": "-5.611"},
        {"row0col0": "WA全局重复性", "row0col1": "每日", "row0col2": "EPWARE-C1", "row0col3": "Time 2022-1-17 19:20", "row0col4": "RA2", "row0col5": "Z", "row0col6":"[-1,1]", "row0col7": "-5.611"},
      

        {"row0col0": "WA全局重复性", "row0col1": "每日", "row0col2": "EPWARE-C2", "row0col3": "Time 2022-2-17 19:20", "row0col4": "RA1", "row0col5": "Z", "row0col6":"[-1,1]", "row0col7": "-5.611", "rowspan4": 2, "rowspan3":5, "rowspan2": 5},
        {"row0col0": "WA全局重复性", "row0col1": "每日", "row0col2": "EPWARE-C2", "row0col3": "Time 2022-2-17 19:20", "row0col4": "RA1", "row0col5": "Z", "row0col6":"[-1,1]", "row0col7": "-5.611"},
        {"row0col0": "WA全局重复性", "row0col1": "每日", "row0col2": "EPWARE-C2", "row0col3": "Time 2022-2-17 19:20", "row0col4": "RA2", "row0col5": "Z", "row0col6":"[-1,1]", "row0col7": "-5.611", "rowspan4":3},
        {"row0col0": "WA全局重复性", "row0col1": "每日", "row0col2": "EPWARE-C2", "row0col3": "Time 2022-2-17 19:20", "row0col4": "RA2", "row0col5": "Z", "row0col6":"[-1,1]", "row0col7": "-5.611"},
        {"row0col0": "WA全局重复性", "row0col1": "每日", "row0col2": "EPWARE-C2", "row0col3": "Time 2022-2-17 19:20", "row0col4": "RA2", "row0col5": "Z", "row0col6":"[-1,1]", "row0col7": "-5.611"},

       

        {"row0col0": "FLS全局重复性", "row0col1": "每日", "row0col2": "EPWARE-C1", "row0col3": "Time 2022-1-17 19:20", "row0col4": "RA1", "row0col5": "Z", "row0col6":"[-1,1]", "row0col7": "-5.611", "rowspan4":2, "rowspan3":4, "rowspan2":4, "rowspan1":6, "rowspan0": 6},
        {"row0col0": "FLS全局重复性", "row0col1": "每日", "row0col2": "EPWARE-C1", "row0col3": "Time 2022-1-17 19:20", "row0col4": "RA1", "row0col5": "Z", "row0col6":"[-1,1]", "row0col7": "-5.611"},
        {"row0col0": "FLS全局重复性", "row0col1": "每日", "row0col2": "EPWARE-C1", "row0col3": "Time 2022-1-17 19:20", "row0col4": "RA2", "row0col5": "Z", "row0col6":"[-1,1]", "row0col7": "-5.611", "rowspan4":2},
        {"row0col0": "FLS全局重复性", "row0col1": "每日", "row0col2": "EPWARE-C1", "row0col3": "Time 2022-1-17 19:20", "row0col4": "RA2", "row0col5": "Z", "row0col6":"[-1,1]", "row0col7": "-5.611"},

        {"row0col0": "FLS全局重复性", "row0col1": "每日", "row0col2": "EPWARE-C2", "row0col3": "Time 2022-1-17 19:20", "row0col4": "RA1", "row0col5": "Z", "row0col6":"[-1,1]", "row0col7": "-5.611", "rowspan4":2, "rowspan3": 2, "rowspan2": 2} ,
        {"row0col0": "FLS全局重复性", "row0col1": "每日", "row0col2": "EPWARE-C2", "row0col3": "Time 2022-1-17 19:20", "row0col4": "RA1", "row0col5": "Z", "row0col6":"[-1,1]", "row0col7": "-5.611"} 
       
     
    ]
}