[
    {
        "nodeName": "Rot",
        "max":"14000",
        "min":"-100",
        "nodeValues": [
            {
                "equipment": "mot-008",
                "value": [
                    {
                        "date": 1640966400000,
                        "points": [
                            
                            {
                                "time": 1640995209000,
                                "value": "0.38"
                            }
                        ]
                       
                    },
                    {
                        "date": 1641052800000,
                        "points": [
                            
                            {
                                "time": 1641085207000,
                                "value": "3.48"
                            }
                
                        ]
                       
                    },
                    {
                        "date": 1641139200000,
                        "points": [
                           
                            {
                                "time": 1641168000000,
                                "value": "4.38"
                            }
                
                        ]
                       
                    },
                    {
                        "date": 1641254400000,
                        "points": [
                            
                            {
                                "time": 1641261600000,
                                "value": "5.38"
                            }
                
                        ]
                       
                    },
                    {
                        "date": 1641348000000,
                        "points": [
                            
                            {
                                "time": 1641344400000,
                                "value": "7.38"
                            }
                
                        ]
                       
                    }
                    
                ]

            }
        ]
    }
      
      
    
]