[
    {
        "nodeName": "Rot",
        "nodeValues": [
            {
                "time": "2022-01-23",
                "value": "0.36"
            },
            {
                "time": "2022-01-24",
                "value": "0.26"
            },
            {
                "time": "2022-01-25",
                "value": "0.46"
            }, 
            {
                "time": "2022-01-26",
                "value": "0.76"
            },
            {
                "time": "2022-01-27",
                "value": "0.86"
            },
            {
                "time": "2022-01-28",
                "value": "0.56"
            },
            {
                "time": "2022-01-29",
                "value": "0.96"
            }
        
        ]
    },
    {
        "nodeName": "Mot",
        "nodeValues": [
            {
                "time": "2022-01-23",
                "value": "1.36"
            },
            {
                "time": "2022-01-24",
                "value": "1.26"
            },
            {
                "time": "2022-01-25",
                "value": "1.46"
            }, 
            {
                "time": "2022-01-26",
                "value": "1.76"
            },
            {
                "time": "2022-01-27",
                "value": "1.86"
            },
            {
                "time": "2022-01-28",
                "value": "1.56"
            },
            {
                "time": "2022-01-29",
                "value": "1.96"
            }
        
        ]
    }
    
]