[
  {
    "title": "Ws基准版本",
    "children": [
      { 
        "title": "EMBMWA-C1",

         "children": [
          { 
            "title": "RA1",
            "children": [
              { "title": "Rot", "isLeaf": true },
              { "title": "Mag", "isLeaf": true }
            ]
          },
          { 
            "title": "RA2",
            "children": [
              { "title": "Trans X", "isLeaf": true },
              { "title": "Rot",  "isLeaf": true },
              { "title": "Mag",  "isLeaf": true }
            ]
          },
          { 
            "title": "IS",
            "children": [
              { "title": "Trans X", "isLeaf": true },
              { "title": "Rot",  "isLeaf": true },
              { "title": "Mag", "isLeaf": true }
            ]
          }
      
        ]
      }
     
    ]
  },
    {
      "title": "环境稳定性检查",
      "children": [
        {
          "title": "从ctlog中提取下面测试项",
          "children": [
            { "title": "Plans_ref", "isLeaf": true },
            { "title": "Thens", "isLeaf": true }
          ]
        }
      ]
    }
 
  ]